-- Create syntax for TABLE 'forms'
CREATE TABLE forms (
  id int(11) unsigned NOT NULL AUTO_INCREMENT,
  active enum('0','1') NOT NULL DEFAULT '0',
  PRIMARY KEY (id)
) ENGINE=InnoDB DEFAULT CHARSET=utf8;

-- Create syntax for TABLE 'sections'
CREATE TABLE sections (
  id int(11) unsigned NOT NULL AUTO_INCREMENT,
  column_number int(11) NOT NULL,
  name text NOT NULL,
  PRIMARY KEY (id)
) ENGINE=InnoDB DEFAULT CHARSET=utf8;

-- Create syntax for TABLE 'items'
CREATE TABLE items (
  id int(11) unsigned NOT NULL AUTO_INCREMENT,
  section_id int(11) unsigned NOT NULL,
  item text NOT NULL,
  unit_cost decimal(4,2) NOT NULL,
  PRIMARY KEY (id),
  KEY section_id (section_id),
  CONSTRAINT items_ibfk_1 FOREIGN KEY (section_id) REFERENCES sections (id) ON DELETE CASCADE ON UPDATE CASCADE
) ENGINE=InnoDB DEFAULT CHARSET=utf8;

-- Create syntax for TABLE 'forms_items'
CREATE TABLE forms_items (
  id int(11) unsigned NOT NULL AUTO_INCREMENT,
  form_id int(11) unsigned NOT NULL,
  item_id int(11) unsigned NOT NULL,
  PRIMARY KEY (id),
  KEY form_id (form_id),
  KEY item_id (item_id),
  CONSTRAINT forms_items_ibfk_2 FOREIGN KEY (item_id) REFERENCES items (id) ON DELETE CASCADE ON UPDATE CASCADE,
  CONSTRAINT forms_items_ibfk_1 FOREIGN KEY (form_id) REFERENCES forms (id) ON DELETE CASCADE ON UPDATE CASCADE
) ENGINE=InnoDB DEFAULT CHARSET=utf8;

-- Create syntax for TABLE 'recipients'
CREATE TABLE recipients (
  id int(11) unsigned NOT NULL AUTO_INCREMENT,
  first_name text NOT NULL,
  last_name text NOT NULL,
  PRIMARY KEY (id)
) ENGINE=InnoDB DEFAULT CHARSET=utf8;

-- Create syntax for TABLE 'orders'
CREATE TABLE orders (
  id int(11) unsigned NOT NULL AUTO_INCREMENT,
  form_id int(11) unsigned NOT NULL,
  recipient_id int(11) unsigned NOT NULL,
  order_date timestamp NOT NULL DEFAULT CURRENT_TIMESTAMP,
  num_recipients int(11) NOT NULL,
  PRIMARY KEY (id),
  KEY form_id (form_id),
  KEY recipient_id (recipient_id),
  CONSTRAINT orders_ibfk_2 FOREIGN KEY (recipient_id) REFERENCES recipients (id) ON DELETE CASCADE ON UPDATE CASCADE,
  CONSTRAINT orders_ibfk_1 FOREIGN KEY (form_id) REFERENCES forms (id) ON DELETE CASCADE ON UPDATE CASCADE
) ENGINE=InnoDB DEFAULT CHARSET=utf8;

-- Create syntax for TABLE 'orders_items'
CREATE TABLE orders_items (
  id int(11) unsigned NOT NULL AUTO_INCREMENT,
  order_id int(11) unsigned NOT NULL,
  item_id int(11) unsigned NOT NULL,
  quantity int(11) NOT NULL,
  PRIMARY KEY (id),
  KEY order_id (order_id),
  KEY item_id (item_id),
  CONSTRAINT orders_items_ibfk_2 FOREIGN KEY (item_id) REFERENCES items (id) ON DELETE CASCADE ON UPDATE CASCADE,
  CONSTRAINT orders_items_ibfk_1 FOREIGN KEY (order_id) REFERENCES orders (id) ON DELETE CASCADE ON UPDATE CASCADE
) ENGINE=InnoDB DEFAULT CHARSET=utf8;

-- Insert data into TABLE 'forms'
INSERT INTO forms (id, active)
VALUES
  (1,'1');

-- Insert data into TABLE 'sections'
INSERT INTO sections (id, column_number, name)
VALUES
  (1,1,'Canned Meats'),
  (2,1,'Canned Soups'),
  (3,1,'Canned Fruits'),
  (4,1,'Canned Vegetables'),
  (5,1,'Drinks'),
  (6,1,'Desserts'),
  (7,2,'Seasonings'),
  (8,2,'Beans, Rice, Potatoes'),
  (9,2,'Cooking Products'),
  (10,2,'Jams and Condiments'),
  (11,2,'Sugar  '),
  (12,3,'Flour'),
  (13,3,'Pasta'),
  (14,3,'Cereals'),
  (15,3,'Dairy and Eggs'),
  (16,3,'Fresh Vegetables'),
  (17,4,'Fresh Fruits'),
  (18,4,'Meats'),
  (19,4,'Meats, Other'),
  (20,4,'Baby Products'),
  (21,4,'Household Products'),
  (22,5,'Personal Products'),
  (23,5,'Breads'),
  (24,5,'Christmas and Thanksgiving Items');

-- Insert data into TABLE 'items'
INSERT INTO items (id, section_id, item, unit_cost)
VALUES
  (1,1,'Beef chunks 14.4 oz',2.00),
  (2,1,'Beef stew 14.4 oz',1.50),
  (3,1,'Chili 14.4 oz',2.50),
  (4,1,'Pork and beans 14.4 oz',1.50),
  (5,1,'Tuna 5 oz',1.00),
  (6,1,'Turkey chunks 14.4 oz',2.00),
  (7,2,'Chicken noodle 14.4 oz',1.50),
  (8,2,'Cream of chicken 14.4 oz',1.00),
  (9,2,'Cream of mushroom 14.4 oz',1.00),
  (10,2,'Tomato 14.4 oz',1.00),
  (11,3,'Applesause 28.4 oz',1.50),
  (12,3,'Peaches 29 oz',1.50),
  (13,3,'Pears 29 oz',1.50),
  (14,4,'Corn 14.4 oz',2.00),
  (15,4,'Green beans 14.4 oz',2.00),
  (16,4,'Spaghetti sauce 27.7 oz',1.25),
  (17,4,'Tomato sauce 14.4 oz',1.50),
  (18,4,'Tomatoes, diced 28 oz',1.50),
  (19,5,'Fruit juice mix 44 serv',6.00),
  (20,5,'Hot cocoa mix 28 serv',4.00),
  (21,5,'Milk, dry 29 serv',5.00),
  (22,5,'Tomato juice 28 oz',2.00),
  (23,6,'Gelatin lime serve 6',1.00),
  (24,6,'Gelatin raspberry serve 6',1.00),
  (25,6,'Gelatin strawberry serve 6',1.00),
  (26,6,'Choc pudding serve 6.5',1.00),
  (27,6,'Vanilla pudding serve 6.5',1.00),
  (28,6,'Cake mix, chocolate 18 oz',1.25),
  (29,6,'Cake mix, yellow 18 oz',1.25),
  (30,7,'Cinnamon 2.1 oz',2.00),
  (31,7,'Black pepper 2.2 oz',1.25),
  (32,7,'Salt 26 oz',1.00),
  (33,7,'Vanilla extract 4 fl oz',3.00),
  (34,8,'Beans, black canned 14.8 oz',1.00),
  (35,8,'Beans, pinto dry 1 lb',1.00),
  (36,8,'Beans, white canned 14.8 oz',1.00),
  (37,8,'Potatoes instant 28 oz',3.00),
  (38,8,'Rice 1 lb',0.50),
  (39,9,'Baking powder 8 oz',1.00),
  (40,9,'Baking soda 1 lb',1.00),
  (41,9,'Brown gravy mix serve 12',1.00),
  (42,9,'Milk, canned 12 fl oz',1.00),
  (43,9,'Raisins 15 oz',3.00),
  (44,9,'Shortening 3 lb',4.00),
  (45,9,'Vegetable oil 24 fl oz',4.00),
  (46,9,'Vinegar 1 qt',1.50),
  (47,9,'Yeast 3 packs',2.00),
  (48,10,'Catsup 24 oz',2.00),
  (49,10,'Honey 15 oz',3.00),
  (50,10,'Rasp jam 20.5 oz',3.00),
  (51,10,'Strawberry jam 20.5 oz',3.00),
  (52,10,'Mustard 10.5 oz',2.00),
  (53,10,'Pancake syrup 24 fl oz',2.50),
  (54,10,'Peanut butter 28 oz',3.50),
  (55,10,'Salad dressing 1 qt',3.00),
  (56,10,'Salsa 27.8 oz',2.00),
  (57,11,'Brown sugar 2 lb',2.00),
  (58,11,'Granulated sugar 5 lb',2.75),
  (59,11,'Powdered sugar 2 lb',2.00),
  (60,12,'Pancake mix 4 lb',3.00),
  (61,12,'Wheat flour 10 lb',4.00),
  (62,12,'White flour 10 lb',4.00),
  (63,13,'Macaroni 1 lb',1.00),
  (64,13,'Macaroni and cheese 7 oz',1.00),
  (65,13,'Noodles 1 lb',1.00),
  (66,13,'Spaghetti 1 lb',0.75),
  (67,14,'Creamy wheat 2 lb',3.00),
  (68,14,'Granola 2 lb',4.00),
  (69,14,'Oats, rolled 2 lb',3.00),
  (70,14,'Raisin bran 20 oz',2.00),
  (71,14,'Toasted oats 19 oz',2.50),
  (72,15,'Butter 1 lb',2.00),
  (73,15,'Cheese 1 lb',2.00),
  (74,15,'Cottage cheese 1 lb',1.50),
  (75,15,'Eggs 1 doz',1.00),
  (76,15,'Ice cream, chocolate 1/2 gal',2.00),
  (77,15,'Ice cream, vanilla 1/2 gal',2.00),
  (78,15,'Margarine 1 lb',1.50),
  (79,15,'Milk 1 gal',2.00),
  (80,15,'Sour cream 1 lb',1.50),
  (81,16,'Carrots per lb (2 lb bag)',0.50),
  (82,16,'Lettuce head (ea)',1.00),
  (83,16,'Onions per lb (3 lb bag)',0.60),
  (84,16,'Potatoes per lb (10 lb bag)',0.30),
  (85,16,'Tomatoes 1 lb',2.00),
  (86,16,'Vegetables in season per lb',0.50),
  (87,17,'Apples per lb (5 lb bag)',1.00),
  (88,17,'Bananas per lb (3 lb bunch)',0.30),
  (89,17,'Oranges per lb (5 lb bag)',1.00),
  (90,17,'Fruit in season per lb',0.50),
  (91,18,'Franks 1 lb',0.50),
  (92,18,'Ground beef 1 lb',3.00),
  (93,18,'Hamburger patties 1 lb',3.00),
  (94,18,'Sausage 1 lb',3.00),
  (95,18,'Stewing beef 1 lb',3.00),
  (96,19,'Beef roast 3.75 lb',12.00),
  (97,19,'Chicken 3 lb each',9.00),
  (98,19,'Ham sliced 2.5 lb',2.40),
  (99,19,'Pork roast 2 lb each',5.00),
  (100,19,'Turkey roast 4 lb each',8.00),
  (101,20,'Baby cereal 16 oz',5.00),
  (102,20,'Baby formula 14.1 oz',12.00),
  (103,20,'Diapers, 8-14 lb pk 50 size 1 ',15.00),
  (104,20,'Diapers, 16-28 lb pk 36 size 3',15.00),
  (105,20,'Diapers, 27-37 lb pk 31 size 4',15.00),
  (106,21,'Aluminum foil roll',2.00),
  (107,21,'Bleach liquid 64 fl oz',2.00),
  (108,21,'Cleanser 14 fl oz',2.00),
  (109,21,'Detergent dish 22 fl oz',2.00),
  (110,21,'Detergent dishwasher 3.75 lb',4.00),
  (111,21,'Detergent laundry 4.5 lb',4.00),
  (112,21,'Plastic wrap roll',2.00),
  (113,21,'Spray cleaner 32 fl oz',2.00),
  (114,22,'Mens deoderant each',1.00),
  (115,22,'Womens deoderant each',1.00),
  (116,22,'Hand soap 5.5 oz bar',0.50),
  (117,22,'Razor disposable 1 ea',1.00),
  (118,22,'Sanitary napkins pk 24',2.00),
  (119,22,'Shampoo 16 fl oz',1.00),
  (120,22,'Shaving cream 11 oz',1.00),
  (121,22,'Tampons, regular pk 18',3.00),
  (122,22,'Tampons, super pk 18',3.00),
  (123,22,'Toilet paper 1 roll',0.50),
  (124,22,'Toothbrush adult 1 ea',0.50),
  (125,22,'Toothbrush child 1 ea',0.50),
  (126,22,'Toothpaste 4 oz',1.00),
  (127,23,'Wheat loaf',1.00),
  (128,23,'White loaf',1.00),
  (129,23,'Buns, hamburger pkg 8',1.00),
  (130,23,'Buns, hot dog pkg 8',1.00),
  (131,23,'Tortilla flour pk 10',1.00),
  (132,24,'Candy 1 lb',5.00),
  (133,24,'Cranberry sauce',1.00),
  (134,24,'Nuts, mixed 1 lb',5.00),
  (135,24,'Olives, black 16 oz',1.00),
  (136,24,'Pumpkin, canned 29 oz',1.50),
  (137,24,'Stuffing mix dry 6 oz',3.00),
  (138,24,'Turkey whole 1 ea',12.00);

-- Insert data into TABLE 'forms_items'
INSERT INTO forms_items (id, form_id, item_id)
VALUES
  (1,1,1),
  (2,1,2),
  (3,1,3),
  (4,1,4),
  (5,1,5),
  (6,1,6),
  (7,1,7),
  (8,1,8),
  (9,1,9),
  (10,1,10),
  (11,1,11),
  (12,1,12),
  (13,1,13),
  (14,1,14),
  (15,1,15),
  (16,1,16),
  (17,1,17),
  (18,1,18),
  (19,1,19),
  (20,1,20),
  (21,1,21),
  (22,1,22),
  (23,1,23),
  (24,1,24),
  (25,1,25),
  (26,1,26),
  (27,1,27),
  (28,1,28),
  (29,1,29),
  (30,1,30),
  (31,1,31),
  (32,1,32),
  (33,1,33),
  (34,1,34),
  (35,1,35),
  (36,1,36),
  (37,1,37),
  (38,1,38),
  (39,1,39),
  (40,1,40),
  (41,1,41),
  (42,1,42),
  (43,1,43),
  (44,1,44),
  (45,1,45),
  (46,1,46),
  (47,1,47),
  (48,1,48),
  (49,1,49),
  (50,1,50),
  (51,1,51),
  (52,1,52),
  (53,1,53),
  (54,1,54),
  (55,1,55),
  (56,1,56),
  (57,1,57),
  (58,1,58),
  (59,1,59),
  (60,1,60),
  (61,1,61),
  (62,1,62),
  (63,1,63),
  (64,1,64),
  (65,1,65),
  (66,1,66),
  (67,1,67),
  (68,1,68),
  (69,1,69),
  (70,1,70),
  (71,1,71),
  (72,1,72),
  (73,1,73),
  (74,1,74),
  (75,1,75),
  (76,1,76),
  (77,1,77),
  (78,1,78),
  (79,1,79),
  (80,1,80),
  (81,1,81),
  (82,1,82),
  (83,1,83),
  (84,1,84),
  (85,1,85),
  (86,1,86),
  (87,1,87),
  (88,1,88),
  (89,1,89),
  (90,1,90),
  (91,1,91),
  (92,1,92),
  (93,1,93),
  (94,1,94),
  (95,1,95),
  (96,1,96),
  (97,1,97),
  (98,1,98),
  (99,1,99),
  (100,1,100),
  (101,1,101),
  (102,1,102),
  (103,1,103),
  (104,1,104),
  (105,1,105),
  (106,1,106),
  (107,1,107),
  (108,1,108),
  (109,1,109),
  (110,1,110),
  (111,1,111),
  (112,1,112),
  (113,1,113),
  (114,1,114),
  (115,1,115),
  (116,1,116),
  (117,1,117),
  (118,1,118),
  (119,1,119),
  (120,1,120),
  (121,1,121),
  (122,1,122),
  (123,1,123),
  (124,1,124),
  (125,1,125),
  (126,1,126),
  (127,1,127),
  (128,1,128),
  (129,1,129),
  (130,1,130),
  (131,1,131),
  (132,1,132),
  (133,1,133),
  (134,1,134),
  (135,1,135),
  (136,1,136),
  (137,1,137),
  (138,1,138);
